<?xml version="1.0" encoding="UTF-8"?><nfeProc versao="2.00" xmlns="http://www.portalfiscal.inf.br/nfe"><NFe xmlns="http://www.portalfiscal.inf.br/nfe"><infNFe versao="2.00" Id="NFe31120813481309019535550070000645891112189376"><ide><cUF>31</cUF><cNF>11218937</cNF><natOp>VENDA DE MERC.ADQ TERCEIROS</natOp><indPag>2</indPag><mod>55</mod><serie>7</serie><nNF>64589</nNF><dEmi>2012-08-08</dEmi><dSaiEnt>2012-08-08</dSaiEnt><tpNF>1</tpNF><cMunFG>3118601</cMunFG><tpImp>1</tpImp><tpEmis>1</tpEmis><cDV>6</cDV><tpAmb>1</tpAmb><finNFe>1</finNFe><procEmi>0</procEmi><verProc>JNFE2.00</verProc></ide><emit><CNPJ>13481309019535</CNPJ><xNome>RN COMERCIO VAREJISTA S.A</xNome><enderEmit><xLgr>RUA UM</xLgr><nro>60 GALPAO ANEXO</nro><xBairro>ARVOREDO II</xBairro><cMun>3118601</cMun><xMun>CONTAGEM</xMun><UF>MG</UF><CEP>32113500</CEP><cPais>1058</cPais><xPais>BRASIL</xPais><fone>3133591700</fone></enderEmit><IE>0018131986853</IE><CRT>3</CRT></emit><dest><CNPJ>11881504000184</CNPJ><xNome>ARILSON JONAS STOLL-ME</xNome><enderDest><xLgr>AV.20 DE DEZEMBRO</xLgr><nro>47</nro><xBairro>CENTRO</xBairro><cMun>5103379</cMun><xMun>COTRIGUACU</xMun><UF>MT</UF><CEP>78330000</CEP><cPais>1058</cPais><xPais>BRASIL</xPais><fone>6635551453</fone></enderDest><IE>133883922</IE><email>startnetinfo@gmail.com</email></dest><det nItem="1"><prod><cProd>32800</cProd><cEAN>0051851092607</cEAN><xProd>MULTIFUNCIONAL MONOCROMATICO MB460DN</xProd><NCM>84433113</NCM><CFOP>6102</CFOP><uCom>PC</uCom><qCom>1.0000</qCom><vUnCom>699.0000000000</vUnCom><vProd>699.00</vProd><cEANTrib>0051851092607</cEANTrib><uTrib>PC</uTrib><qTrib>1.0000</qTrib><vUnTrib>699.0000000000</vUnTrib><vFrete>29.90</vFrete><indTot>1</indTot></prod><imposto><ICMS><ICMS00><orig>1</orig><CST>00</CST><modBC>3</modBC><vBC>728.90</vBC><pICMS>12.00</pICMS><vICMS>87.47</vICMS></ICMS00></ICMS><PIS><PISAliq><CST>01</CST><vBC>728.90</vBC><pPIS>1.65</pPIS><vPIS>12.03</vPIS></PISAliq></PIS><COFINS><COFINSAliq><CST>01</CST><vBC>728.90</vBC><pCOFINS>7.60</pCOFINS><vCOFINS>55.40</vCOFINS></COFINSAliq></COFINS></imposto></det><total><ICMSTot><vBC>728.90</vBC><vICMS>87.47</vICMS><vBCST>0.00</vBCST><vST>0.00</vST><vProd>699.00</vProd><vFrete>29.90</vFrete><vSeg>0.00</vSeg><vDesc>0.00</vDesc><vII>0.00</vII><vIPI>0.00</vIPI><vPIS>12.03</vPIS><vCOFINS>55.40</vCOFINS><vOutro>0.00</vOutro><vNF>728.90</vNF></ICMSTot></total><transp><modFrete>0</modFrete><transporta><CNPJ>34028316001509</CNPJ><xNome>EMPRESA BRASILEIRA DE CORREIOS E TELEGRA</xNome><IE>ISENTO</IE><xEnder>AVENIDA AFONSO PENA</xEnder><xMun>BELO HORIZONTE</xMun><UF>MG</UF></transporta><veicTransp><placa/><UF>MG</UF></veicTransp><vol><qVol>1</qVol><esp>DIG</esp><marca>dos Volumes</marca><pesoL>21.000</pesoL><pesoB>21.000</pesoB></vol></transp><infAdic><infCpl>PEDIDO DO CLIENTE NO 8098924.EAN 51851092607 ALIQUOTA DE ICMS DIFERIDA EM 33 34% CONFORME REGIME ESPECIAL/PTA NO= 16.000448106-75 CONCEDIDO PELA SEFAZ/MG.</infCpl></infAdic></infNFe><Signature xmlns="http://www.w3.org/2000/09/xmldsig#"><SignedInfo><CanonicalizationMethod Algorithm="http://www.w3.org/TR/2001/REC-xml-c14n-20010315"/><SignatureMethod Algorithm="http://www.w3.org/2000/09/xmldsig#rsa-sha1"/><Reference URI="#NFe31120813481309019535550070000645891112189376"><Transforms><Transform Algorithm="http://www.w3.org/2000/09/xmldsig#enveloped-signature"/><Transform Algorithm="http://www.w3.org/TR/2001/REC-xml-c14n-20010315"/></Transforms><DigestMethod Algorithm="http://www.w3.org/2000/09/xmldsig#sha1"/><DigestValue>PxOoGLXYNjlB+0zd6JD9x8sWMs8=</DigestValue></Reference></SignedInfo><SignatureValue>PxOoGLXYNjlB+0zd6JD9x8sWMs8=</SignatureValue><KeyInfo><X509Data><X509Certificate>PxOoGLXYNjlB+0zd6JD9x8sWMs8=</X509Certificate></X509Data></KeyInfo></Signature></NFe><protNFe versao="2.00"><infProt><tpAmb>1</tpAmb><verAplic>JNFE2.00</verAplic><chNFe>31120813481309019535550070000645891112189376</chNFe><dhRecbto>2012-08-08T15:35:14</dhRecbto><nProt>131120811145616</nProt><digVal>PxOoGLXYNjlB+0zd6JD9x8sWMs8=</digVal><cStat>100</cStat><xMotivo>Autorizado o uso da NF-e</xMotivo></infProt></protNFe></nfeProc>
